<Driver Description="Describe the purpose of your CloudShell shell" MainClass="driver.CloudshellAzureRedisCacheDriver" Name="CloudshellAzureRedisCacheDriver" Version="1.0.0">
    <Layout>
        <Category Name="Hidden Commands">
            <Command Description="..." Name="deploy" DisplayName="Deploy Redis Cache">
                <Parameters>
                    <Parameter Name="cloud_provider" DisplayName="Cloud Provider" Type="String" Mandatory="False" DefaultValue=""/>
                </Parameters>
            </Command>
        </Category>
    </Layout>
</Driver>
